{"scene":"ShipExterior","playerPosition":{"x":12.41802978515625,"y":-10.340001106262207,"z":-0.1171875},"hasGloves":true,"questsComplete":[0,199,1]}