{"scene":"Acid Flats","playerPosition":{"x":37.522926330566409,"y":0.6603240966796875,"z":0.0},"hasGloves":true,"questsComplete":[0,299,399,199,499,1]}